"","ID","Description","GeneRatio","BgRatio","pvalue","p.adjust","qvalue","geneID","Count"
"hsa04080","hsa04080","Neuroactive ligand-receptor interaction","30/230","362/8189",8.06698430438263e-08,2.04094702900881e-05,1.8936184209235e-05,"MCHR1/GRM8/GABRA1/GNRH1/GABRB2/GABRE/GABRG2/UTS2B/GLP2R/HTR1A/PNOC/APLNR/NPSR1/NPY2R/AGTR1/HTR2A/CHRNA1/CHRNB4/CALCR/CHRNA3/AVP/FSHB/CRHR1/SST/TAC1/VGF/HTR2C/PTH2R/RXFP1/ADCYAP1",30
"hsa04061","hsa04061","Viral protein interaction with cytokine and cytokine receptor","12/230","100/8189",2.13817164653124e-05,0.00270478713286201,0.00250953830092877,"IL2RB/CCL5/IL18RAP/CCR7/CCL14/IL18R1/CXCL8/PPBP/CXCL9/CXCR1/IL6/TNF",12
"hsa04060","hsa04060","Cytokine-cytokine receptor interaction","21/230","295/8189",7.91516045944072e-05,0.00611198359393873,0.00567078153296583,"IL12RB2/IL1RL2/IL2RB/CCL5/IL18RAP/CCR7/IL1RL1/CCL14/BMP4/IL18R1/CXCL8/IFNA13/PPBP/LIF/CXCR6/CXCL9/CXCR1/IL1R2/IL6/TNF/INHA",21
"hsa04640","hsa04640","Hematopoietic cell lineage","11/230","99/8189",9.66321516828257e-05,0.00611198359393873,0.00567078153296583,"FCER2/CD2/CD44/CR1/CD3E/HLA-DOB/IL1R2/IL6/TNF/FLT3/FCGR1A",11
"hsa05321","hsa05321","Inflammatory bowel disease","8/230","65/8189",0.0004350305338168,0.0220125450111301,0.0204235387455045,"IL12RB2/IL18RAP/IL18R1/RORC/HLA-DOB/IL6/TNF/STAT4",8
"hsa05323","hsa05323","Rheumatoid arthritis","9/230","93/8189",0.00115124442519516,0.0485441399290624,0.0450399134769333,"ANGPT1/MMP3/CCL5/CXCL8/ATP6V0C/HLA-DOB/MMP1/IL6/TNF",9
"hsa02010","hsa02010","ABC transporters","6/230","45/8189",0.0014971584738094,0.0541115848391112,0.0502054646104505,"ABCA8/CFTR/ABCC12/ABCA6/ABCC3/ABCA12",6
"hsa05033","hsa05033","Nicotine addiction","5/230","40/8189",0.00493863930578788,0.127656204916225,0.118441163704257,"GABRA1/GABRB2/GABRE/GABRG2/SLC17A6",5
"hsa04726","hsa04726","Serotonergic synapse","9/230","115/8189",0.00494803152043168,0.127656204916225,0.118441163704257,"PRKCB/GABRB2/TPH2/HTR1A/HTR2A/CYP2C18/CACNA1S/HTR2C/ALOX12B",9
"hsa05134","hsa05134","Legionellosis","6/230","57/8189",0.0050456997990603,0.127656204916225,0.118441163704257,"HSPA1B/CR1/HSPA6/CXCL8/IL6/TNF",6
"hsa05202","hsa05202","Transcriptional misregulation in cancer","12/230","193/8189",0.00809879700130942,0.173998673562179,0.161438336610634,"MET/SLC45A3/MMP3/IL2RB/H3C10/CXCL8/SIX1/IL1R2/IL6/MPO/FLT3/FCGR1A",12
"hsa04974","hsa04974","Protein digestion and absorption","8/230","103/8189",0.00825290151283061,0.173998673562179,0.161438336610634,"COL8A1/COL4A3/COL6A2/COL10A1/PGA4/CPB1/CPA2/SLC8A3",8
"hsa04650","hsa04650","Natural killer cell mediated cytotoxicity","9/230","131/8189",0.0113275578263301,0.205408541095915,0.190580839044681,"PAK1/PRF1/PRKCB/SH2D1A/LCK/IFNA13/CD48/ZAP70/TNF",9
"hsa04512","hsa04512","ECM-receptor interaction","7/230","88/8189",0.0116293225098556,0.205408541095915,0.190580839044681,"COL4A3/SV2B/COL6A2/CD44/IBSP/VTN/SV2C",7
"hsa05144","hsa05144","Malaria","5/230","50/8189",0.0126870561580289,0.205408541095915,0.190580839044681,"MET/CR1/CXCL8/IL6/TNF",5
"hsa05120","hsa05120","Epithelial cell signaling in Helicobacter pylori infection","6/230","70/8189",0.0135019566005182,0.205408541095915,0.190580839044681,"PAK1/MET/CCL5/CXCL8/ATP6V0C/CXCR1",6
"hsa05322","hsa05322","Systemic lupus erythematosus","9/230","136/8189",0.014228337857721,0.205408541095915,0.190580839044681,"H4C5/H2AC8/H2BC8/C6/H3C10/HLA-DOB/TNF/FCGR1A/H2BC15",9
"hsa04658","hsa04658","Th1 and Th2 cell differentiation","7/230","92/8189",0.0146140464020809,0.205408541095915,0.190580839044681,"IL12RB2/IL2RB/LCK/CD3E/HLA-DOB/ZAP70/STAT4",7
"hsa00534","hsa00534","Glycosaminoglycan biosynthesis - heparan sulfate / heparin","3/230","24/8189",0.0286510110599196,0.368524838229974,0.341922358748842,"HS6ST3/HS3ST2/EXT1",3
"hsa05332","hsa05332","Graft-versus-host disease","4/230","42/8189",0.029474900355246,0.368524838229974,0.341922358748842,"PRF1/HLA-DOB/IL6/TNF",4
"hsa04940","hsa04940","Type I diabetes mellitus","4/230","43/8189",0.0318056396211713,0.368524838229974,0.341922358748842,"PRF1/HLA-DOB/TNF/ICA1",4
"hsa04659","hsa04659","Th17 cell differentiation","7/230","108/8189",0.0320456381069542,0.368524838229974,0.341922358748842,"IL2RB/LCK/RORC/CD3E/HLA-DOB/ZAP70/IL6",7
"hsa04610","hsa04610","Complement and coagulation cascades","6/230","86/8189",0.0335636779523142,0.369200457475457,0.342549207476708,"C6/MASP1/CR1/SERPINA5/SERPINB2/VTN",6
"hsa04727","hsa04727","GABAergic synapse","6/230","89/8189",0.0387465441623283,0.406254703660548,0.376928641216153,"GABRA1/PRKCB/GABRB2/GABRE/GABRG2/CACNA1S",6
"hsa05410","hsa05410","Hypertrophic cardiomyopathy","6/230","90/8189",0.0405812666486462,0.406254703660548,0.376928641216153,"DES/SGCA/IL6/TNF/CACNA1S/SLC8A3",6
"hsa00830","hsa00830","Retinol metabolism","5/230","68/8189",0.0417494952378429,0.406254703660548,0.376928641216153,"SDR16C5/ADH1B/CYP1A1/RDH5/CYP2C18",5
"hsa04062","hsa04062","Chemokine signaling pathway","10/230","192/8189",0.0439176637452597,0.406865068933937,0.377494946420919,"PAK1/PRKCB/CCL5/CCR7/CCL14/CXCL8/PPBP/CXCR6/CXCL9/CXCR1",10
"hsa04392","hsa04392","Hippo signaling pathway - multiple species","3/230","29/8189",0.0467244583811845,0.406865068933937,0.377494946420919,"PAK1/TPTEP2-CSNK1E/FAT4",3
"hsa04350","hsa04350","TGF-beta signaling pathway","6/230","94/8189",0.0484653243195153,0.406865068933937,0.377494946420919,"GREM2/ID3/BMP4/LEFTY2/TNF/HAMP",6
"hsa04657","hsa04657","IL-17 signaling pathway","6/230","94/8189",0.0484653243195153,0.406865068933937,0.377494946420919,"MMP3/CXCL8/S100A8/MMP1/IL6/TNF",6
"hsa01523","hsa01523","Antifolate resistance","3/230","30/8189",0.0508759203474134,0.406865068933937,0.377494946420919,"ABCC3/IL6/TNF",3
"hsa05164","hsa05164","Influenza A","9/230","171/8189",0.0514611944896679,0.406865068933937,0.377494946420919,"PRKCB/CCL5/CXCL8/IFNA13/TPSD1/HLA-DOB/NXF2/IL6/TNF",9
"hsa04723","hsa04723","Retrograde endocannabinoid signaling","8/230","148/8189",0.0566318515912766,0.434177528866454,0.402835818336672,"GABRA1/PRKCB/GABRB2/GABRE/GABRG2/CACNA1S/SLC17A6/NDUFS6",8
"hsa04933","hsa04933","AGE-RAGE signaling pathway in diabetic complications","6/230","100/8189",0.061953981843621,0.439820687557817,0.408071617746591,"PRKCB/COL4A3/AGTR1/CXCL8/IL6/TNF",6
"hsa05140","hsa05140","Leishmaniasis","5/230","77/8189",0.064863440586977,0.439820687557817,0.408071617746591,"PRKCB/CR1/HLA-DOB/TNF/FCGR1A",5
"hsa04972","hsa04972","Pancreatic secretion","6/230","102/8189",0.0668979576094621,0.439820687557817,0.408071617746591,"RAB27B/PRKCB/CFTR/CLCA2/CPB1/CPA2",6
"hsa05146","hsa05146","Amoebiasis","6/230","102/8189",0.0668979576094621,0.439820687557817,0.408071617746591,"PRKCB/COL4A3/CXCL8/IL1R2/IL6/TNF",6
"hsa04612","hsa04612","Antigen processing and presentation","5/230","78/8189",0.067798445908122,0.439820687557817,0.408071617746591,"HSPA1B/KLRC4/HSPA6/HLA-DOB/TNF",5
"hsa04721","hsa04721","Synaptic vesicle cycle","5/230","78/8189",0.067798445908122,0.439820687557817,0.408071617746591,"SNAP25/SYT1/SLC1A7/ATP6V0C/SLC17A6",5
"hsa04620","hsa04620","Toll-like receptor signaling pathway","6/230","104/8189",0.0720661018938088,0.444700579978869,0.412599248326556,"CCL5/CXCL8/IFNA13/CXCL9/IL6/TNF",6
"hsa04660","hsa04660","T cell receptor signaling pathway","6/230","104/8189",0.0720661018938088,0.444700579978869,0.412599248326556,"PAK1/LCK/CD3E/ZAP70/GRAP2/TNF",6
"hsa00350","hsa00350","Tyrosine metabolism","3/230","36/8189",0.0792942864264482,0.46272237799564,0.429320117715947,"ADH1B/TYRP1/HGD",3
"hsa00512","hsa00512","Mucin type O-glycan biosynthesis","3/230","36/8189",0.0792942864264482,0.46272237799564,0.429320117715947,"GALNT15/ST6GALNAC2/GALNTL5",3
"hsa05417","hsa05417","Lipid and atherosclerosis","10/230","215/8189",0.0808952882885806,0.46272237799564,0.429320117715947,"HSPA1B/MMP3/HSPA6/CCL5/CYP1A1/CXCL8/IFNA13/MMP1/IL6/TNF",10
"hsa05143","hsa05143","African trypanosomiasis","3/230","37/8189",0.0845812215266956,0.46272237799564,0.429320117715947,"PRKCB/IL6/TNF",3
"hsa05161","hsa05161","Hepatitis B","8/230","162/8189",0.0857321201597412,0.46272237799564,0.429320117715947,"PRKCB/EGR2/EGR3/CXCL8/IFNA13/IL6/TNF/STAT4",8
"hsa04613","hsa04613","Neutrophil extracellular trap formation","9/230","190/8189",0.0868459747803331,0.46272237799564,0.429320117715947,"H4C5/PRKCB/H2AC8/H2BC8/CR1/H3C10/MPO/FCGR1A/H2BC15",9
"hsa05330","hsa05330","Allograft rejection","3/230","38/8189",0.0900146350440446,0.46272237799564,0.429320117715947,"PRF1/HLA-DOB/TNF",3
"hsa05340","hsa05340","Primary immunodeficiency","3/230","38/8189",0.0900146350440446,0.46272237799564,0.429320117715947,"LCK/CD3E/ZAP70",3
"hsa04742","hsa04742","Taste transduction","5/230","86/8189",0.0938677118725126,0.46272237799564,0.429320117715947,"GABRA1/TAS2R20/CALHM1/HTR1A/PKD2L1",5
"hsa04668","hsa04668","TNF signaling pathway","6/230","112/8189",0.0949607219433091,0.46272237799564,0.429320117715947,"MMP3/CCL5/IL18R1/LIF/IL6/TNF",6
"hsa05166","hsa05166","Human T-cell leukemia virus 1 infection","10/230","222/8189",0.0951049946868509,0.46272237799564,0.429320117715947,"EGR2/IL2RB/LCK/BUB1B/CD3E/PTTG1/HLA-DOB/IL1R2/IL6/TNF",10
"hsa04929","hsa04929","GnRH secretion","4/230","64/8189",0.104768221179392,0.495129498106555,0.459387884658879,"GNRH1/PRKCB/HCN1/CACNA1S",4
"hsa04310","hsa04310","Wnt signaling pathway","8/230","170/8189",0.105679813825114,0.495129498106555,0.459387884658879,"LGR5/RSPO2/PRKCB/SFRP2/SFRP4/WNT2/TPTEP2-CSNK1E/NOTUM",8
"hsa05032","hsa05032","Morphine addiction","5/230","91/8189",0.112417164118598,0.511081796772656,0.474188644394851,"GABRA1/PRKCB/GABRB2/GABRE/GABRG2",5
"hsa00380","hsa00380","Tryptophan metabolism","3/230","42/8189",0.11312482458209,0.511081796772656,0.474188644394851,"TPH2/CYP1A1/TDO2",3
"hsa05171","hsa05171","Coronavirus disease - COVID-19","10/230","232/8189",0.11782040843551,0.522957251476915,0.485206852836913,"PRKCB/C6/MASP1/MMP3/AGTR1/CXCL8/IFNA13/MMP1/IL6/TNF",10
"hsa05205","hsa05205","Proteoglycans in cancer","9/230","205/8189",0.12302371017384,0.532976556187226,0.494502900061375,"PAK1/PRKCB/MET/FLNC/IGF2/CD44/WNT2/TNF/VTN",9
"hsa04010","hsa04010","MAPK signaling pathway","12/230","294/8189",0.124290975553543,0.532976556187226,0.494502900061375,"PAK1/HSPA1B/PRKCB/MET/FLNC/ANGPT1/IGF2/HSPA6/TNF/CACNA1S/FLT3/FGF9",12
"hsa04924","hsa04924","Renin secretion","4/230","69/8189",0.128381460619828,0.541052634420088,0.501995995322154,"AGTR1/CLCA2/CACNA1S/ADCYAP1",4
"hsa05150","hsa05150","Staphylococcus aureus infection","5/230","96/8189",0.132589973652354,0.541052634420088,0.501995995322154,"MASP1/HLA-DOB/KRT31/KRT19/FCGR1A",5
"hsa05414","hsa05414","Dilated cardiomyopathy","5/230","96/8189",0.132589973652354,0.541052634420088,0.501995995322154,"DES/SGCA/TNF/CACNA1S/SLC8A3",5
"hsa04020","hsa04020","Calcium signaling pathway","10/230","240/8189",0.137996123823657,0.554174909958497,0.514171021097337,"PRKCB/MET/TRDN/AGTR1/HTR2A/CACNA1S/CAMK1G/HTR2C/FGF9/SLC8A3",10
"hsa05142","hsa05142","Chagas disease","5/230","102/8189",0.158769042569092,0.624110483946361,0.579058198127891,"CCL5/CXCL8/CD3E/IL6/TNF",5
"hsa05110","hsa05110","Vibrio cholerae infection","3/230","50/8189",0.164991092931653,0.624110483946361,0.579058198127891,"TJP2/CFTR/ATP6V0C",3
"hsa04064","hsa04064","NF-kappa B signaling pathway","5/230","104/8189",0.167935012998631,0.624110483946361,0.579058198127891,"PRKCB/LCK/CXCL8/ZAP70/TNF",5
"hsa04625","hsa04625","C-type lectin receptor signaling pathway","5/230","104/8189",0.167935012998631,0.624110483946361,0.579058198127891,"PAK1/EGR2/EGR3/IL6/TNF",5
"hsa04024","hsa04024","cAMP signaling pathway","9/230","221/8189",0.169266266081973,0.624110483946361,0.579058198127891,"PAK1/CNGA3/HTR1A/CFTR/FSHB/CRHR1/CACNA1S/SST/ADCYAP1",9
"hsa05412","hsa05412","Arrhythmogenic right ventricular cardiomyopathy","4/230","77/8189",0.170211950167189,0.624110483946361,0.579058198127891,"DES/SGCA/CACNA1S/SLC8A3",4
"hsa05320","hsa05320","Autoimmune thyroid disease","3/230","53/8189",0.185993322928075,0.668378060427417,0.620130257854437,"PRF1/IFNA13/HLA-DOB",3
"hsa05135","hsa05135","Yersinia infection","6/230","137/8189",0.18756854660216,0.668378060427417,0.620130257854437,"LCK/CXCL8/ZAP70/IL6/TNF/ACTR2",6
"hsa05162","hsa05162","Measles","6/230","139/8189",0.196165088877632,0.689302326195012,0.639544076311578,"HSPA1B/IL2RB/HSPA6/IFNA13/CD3E/IL6",6
"hsa04510","hsa04510","Focal adhesion","8/230","201/8189",0.204078211740186,0.707284761236533,0.656228424196992,"PAK1/PRKCB/MET/COL4A3/FLNC/COL6A2/IBSP/VTN",8
"hsa04725","hsa04725","Cholinergic synapse","5/230","113/8189",0.211557288474094,0.719029526467092,0.667125377167304,"PRKCB/KCNQ5/CHRNB4/CHRNA3/CACNA1S",5
"hsa04550","hsa04550","Signaling pathways regulating pluripotency of stem cells","6/230","143/8189",0.213788777990369,0.719029526467092,0.667125377167304,"ID3/HOXD1/BMP4/LIF/WNT2/LEFTY2",6
"hsa05310","hsa05310","Asthma","2/230","31/8189",0.215993059333988,0.719029526467092,0.667125377167304,"HLA-DOB/TNF",2
"hsa04911","hsa04911","Insulin secretion","4/230","86/8189",0.222044697417333,0.729575434371236,0.676910013999524,"SNAP25/PRKCB/CACNA1S/ADCYAP1",4
"hsa04072","hsa04072","Phospholipase D signaling pathway","6/230","148/8189",0.236551816263138,0.750537694475144,0.696359084118815,"GRM8/AGTR1/CXCL8/DGKK/AVP/CXCR1",6
"hsa04978","hsa04978","Mineral absorption","3/230","60/8189",0.237324172166053,0.750537694475144,0.696359084118815,"TRPM6/SLC8A3/TRPV6",3
"hsa05416","hsa05416","Viral myocarditis","3/230","60/8189",0.237324172166053,0.750537694475144,0.696359084118815,"PRF1/SGCA/HLA-DOB",3
"hsa05152","hsa05152","Tuberculosis","7/230","180/8189",0.242346132171509,0.756957672091257,0.702315626695861,"CR1/IFNA13/ATP6V0C/HLA-DOB/IL6/TNF/FCGR1A",7
"hsa04710","hsa04710","Circadian rhythm","2/230","34/8189",0.247349146645269,0.76316261099089,0.708072653426123,"RORC/TPTEP2-CSNK1E",2
"hsa00561","hsa00561","Glycerolipid metabolism","3/230","62/8189",0.252431113969375,0.769458696798214,0.713914247497407,"MBOAT1/LIPC/DGKK",3
"hsa04621","hsa04621","NOD-like receptor signaling pathway","7/230","184/8189",0.259444948002438,0.77399356400956,0.718121758993683,"TXNIP/CCL5/CXCL8/IFNA13/GBP5/IL6/TNF",7
"hsa04623","hsa04623","Cytosolic DNA-sensing pathway","3/230","63/8189",0.260037363402421,0.77399356400956,0.718121758993683,"CCL5/IFNA13/IL6",3
"hsa04912","hsa04912","GnRH signaling pathway","4/230","93/8189",0.26486262061395,0.779188872271272,0.722942036681896,"GNRH1/PRKCB/FSHB/CACNA1S",4
"hsa04666","hsa04666","Fc gamma R-mediated phagocytosis","4/230","97/8189",0.28999193198265,0.823857799421307,0.764386475019561,"PAK1/PRKCB/FCGR1A/ACTR2",4
"hsa05221","hsa05221","Acute myeloid leukemia","3/230","67/8189",0.290723809779763,0.823857799421307,0.764386475019561,"MPO/FLT3/FCGR1A",3
"hsa04151","hsa04151","PI3K-Akt signaling pathway","12/230","354/8189",0.292203429324062,0.823857799421307,0.764386475019561,"MET/COL4A3/ANGPT1/COL6A2/IGF2/IL2RB/IBSP/IFNA13/IL6/FLT3/VTN/FGF9",12
"hsa04750","hsa04750","Inflammatory mediator regulation of TRP channels","4/230","98/8189",0.296328299396596,0.823857799421307,0.764386475019561,"PRKCB/TRPA1/HTR2A/HTR2C",4
"hsa04925","hsa04925","Aldosterone synthesis and secretion","4/230","98/8189",0.296328299396596,0.823857799421307,0.764386475019561,"PRKCB/AGTR1/CACNA1S/CAMK1G",4
"hsa04630","hsa04630","JAK-STAT signaling pathway","6/230","162/8189",0.303673277265969,0.835101512481415,0.774818544969235,"IL12RB2/IL2RB/IFNA13/LIF/IL6/STAT4",6
"hsa04622","hsa04622","RIG-I-like receptor signaling pathway","3/230","70/8189",0.313910507442811,0.853971595516465,0.792326464739637,"CXCL8/IFNA13/TNF",3
"hsa05219","hsa05219","Bladder cancer","2/230","41/8189",0.320677268152455,0.863099455772033,0.800795417670744,"CXCL8/MMP1",2
"hsa05169","hsa05169","Epstein-Barr virus infection","7/230","202/8189",0.33992346722631,0.896126425805026,0.831438289804539,"FCER2/CD44/IFNA13/CD3E/HLA-DOB/IL6/TNF",7
"hsa04014","hsa04014","Ras signaling pathway","8/230","236/8189",0.344416768645607,0.896126425805026,0.831438289804539,"PAK1/PRKCB/MET/ANGPT1/IGF2/ZAP70/FLT3/FGF9",8
"hsa00730","hsa00730","Thiamine metabolism","1/230","15/8189",0.347991300932973,0.896126425805026,0.831438289804539,"AK8",1
"hsa04971","hsa04971","Gastric acid secretion","3/230","76/8189",0.360332288069714,0.896126425805026,0.831438289804539,"PRKCB/CFTR/SST",3
"hsa05133","hsa05133","Pertussis","3/230","76/8189",0.360332288069714,0.896126425805026,0.831438289804539,"CXCL8/IL6/TNF",3
"hsa04931","hsa04931","Insulin resistance","4/230","108/8189",0.36033360359159,0.896126425805026,0.831438289804539,"PRKCB/IL6/TNF/SLC27A2",4
"hsa00430","hsa00430","Taurine and hypotaurine metabolism","1/230","16/8189",0.366337520750127,0.896126425805026,0.831438289804539,"FMO2",1
"hsa04936","hsa04936","Alcoholic liver disease","5/230","142/8189",0.368752598777029,0.896126425805026,0.831438289804539,"ADH1B/CXCL8/IFNA13/IL6/TNF",5
"hsa00514","hsa00514","Other types of O-glycan biosynthesis","2/230","47/8189",0.382168648056523,0.896126425805026,0.831438289804539,"GALNT15/GALNTL5",2
"hsa00620","hsa00620","Pyruvate metabolism","2/230","47/8189",0.382168648056523,0.896126425805026,0.831438289804539,"ADH1B/DLAT",2
"hsa04973","hsa04973","Carbohydrate digestion and absorption","2/230","47/8189",0.382168648056523,0.896126425805026,0.831438289804539,"PRKCB/LCT",2
"hsa01521","hsa01521","EGFR tyrosine kinase inhibitor resistance","3/230","79/8189",0.383404716806445,0.896126425805026,0.831438289804539,"PRKCB/MET/IL6",3
"hsa00910","hsa00910","Nitrogen metabolism","1/230","17/8189",0.384169696233728,0.896126425805026,0.831438289804539,"CA1",1
"hsa05145","hsa05145","Toxoplasmosis","4/230","112/8189",0.386002765109342,0.896126425805026,0.831438289804539,"HSPA1B/HSPA6/HLA-DOB/TNF",4
"hsa05170","hsa05170","Human immunodeficiency virus 1 infection","7/230","212/8189",0.386078183449596,0.896126425805026,0.831438289804539,"PAK1/PRKCB/APOBEC3D/IFNA13/CD3E/APOBEC3A/TNF",7
"hsa00983","hsa00983","Drug metabolism - other enzymes","3/230","80/8189",0.391056833653338,0.899430717402676,0.834504056504252,"CES1/RRM2/MPO",3
"hsa04724","hsa04724","Glutamatergic synapse","4/230","114/8189",0.398796662767701,0.908452663439078,0.842874740781836,"GRM8/PRKCB/SLC1A7/SLC17A6",4
"hsa04672","hsa04672","Intestinal immune network for IgA production","2/230","49/8189",0.402160862866311,0.908452663439078,0.842874740781836,"HLA-DOB/IL6",2
"hsa00330","hsa00330","Arginine and proline metabolism","2/230","50/8189",0.412042936613589,0.922538610294141,0.855943873915513,"CKMT1A/CKMT1B",2
"hsa04913","hsa04913","Ovarian steroidogenesis","2/230","51/8189",0.421844206565359,0.934488342991687,0.867030998490311,"CYP1A1/FSHB",2
"hsa04145","hsa04145","Phagosome","5/230","152/8189",0.424767428632585,0.934488342991687,0.867030998490311,"ATP6V0C/MARCO/HLA-DOB/MPO/FCGR1A",5
"hsa04961","hsa04961","Endocrine and other factor-regulated calcium reabsorption","2/230","53/8189",0.44119153165848,0.959750869066049,0.890469913882792,"PRKCB/SLC8A3",2
"hsa04260","hsa04260","Cardiac muscle contraction","3/230","87/8189",0.443837358421849,0.959750869066049,0.890469913882792,"TRDN/CACNA1S/SLC8A3",3
"hsa04540","hsa04540","Gap junction","3/230","88/8189",0.451240012041677,0.967489178360544,0.897649622527153,"PRKCB/HTR2A/HTR2C",3
"hsa05235","hsa05235","PD-L1 expression and PD-1 checkpoint pathway in cancer","3/230","89/8189",0.458602564934977,0.975012175870162,0.904629561968155,"LCK/CD3E/ZAP70",3
"hsa00340","hsa00340","Histidine metabolism","1/230","22/8189",0.466108159686331,0.979937486400691,0.909199332088014,"HDC",1
"hsa04614","hsa04614","Renin-angiotensin system","1/230","23/8189",0.481143683535008,0.979937486400691,0.909199332088014,"AGTR1",1
"hsa04380","hsa04380","Osteoclast differentiation","4/230","128/8189",0.486500539659169,0.979937486400691,0.909199332088014,"LCK/CALCR/TNF/FCGR1A",4
"hsa04370","hsa04370","VEGF signaling pathway","2/230","59/8189",0.497002748829874,0.979937486400691,0.909199332088014,"PRKCB/SH2D2A",2
"hsa05020","hsa05020","Prion disease","8/230","273/8189",0.502728292300393,0.979937486400691,0.909199332088014,"HSPA1B/C6/HSPA6/CCL5/IL6/TNF/CACNA1S/NDUFS6",8
"hsa04730","hsa04730","Long-term depression","2/230","60/8189",0.505957182507936,0.979937486400691,0.909199332088014,"PRKCB/CRHR1",2
"hsa00590","hsa00590","Arachidonic acid metabolism","2/230","61/8189",0.514807977901333,0.979937486400691,0.909199332088014,"CYP4F3/ALOX12B",2
"hsa04070","hsa04070","Phosphatidylinositol signaling system","3/230","97/8189",0.515868077857792,0.979937486400691,0.909199332088014,"PRKCB/IP6K3/DGKK",3
"hsa04270","hsa04270","Vascular smooth muscle contraction","4/230","134/8189",0.522550280743339,0.979937486400691,0.909199332088014,"PRKCB/AGTR1/AVP/CACNA1S",4
"hsa05231","hsa05231","Choline metabolism in cancer","3/230","98/8189",0.522800912967093,0.979937486400691,0.909199332088014,"PRKCB/DGKK/SLC22A2",3
"hsa00140","hsa00140","Steroid hormone biosynthesis","2/230","62/8189",0.523553873365732,0.979937486400691,0.909199332088014,"CYP1A1/SULT2B1",2
"hsa04213","hsa04213","Longevity regulating pathway - multiple species","2/230","62/8189",0.523553873365732,0.979937486400691,0.909199332088014,"HSPA1B/HSPA6",2
"hsa00790","hsa00790","Folate biosynthesis","1/230","26/8189",0.5237671669347,0.979937486400691,0.909199332088014,"TPH2",1
"hsa04950","hsa04950","Maturity onset diabetes of the young","1/230","26/8189",0.5237671669347,0.979937486400691,0.909199332088014,"HNF4A",1
"hsa03250","hsa03250","Viral life cycle - HIV-1","2/230","63/8189",0.532193758938299,0.979937486400691,0.909199332088014,"APOBEC3D/APOBEC3A",2
"hsa05217","hsa05217","Basal cell carcinoma","2/230","63/8189",0.532193758938299,0.979937486400691,0.909199332088014,"BMP4/WNT2",2
"hsa00601","hsa00601","Glycosphingolipid biosynthesis - lacto and neolacto series","1/230","27/8189",0.53718546310094,0.979937486400691,0.909199332088014,"FUT3",1
"hsa04966","hsa04966","Collecting duct acid secretion","1/230","27/8189",0.53718546310094,0.979937486400691,0.909199332088014,"ATP6V0C",1
"hsa04916","hsa04916","Melanogenesis","3/230","101/8189",0.543270578929538,0.979937486400691,0.909199332088014,"PRKCB/TYRP1/WNT2",3
"hsa05131","hsa05131","Shigellosis","7/230","247/8189",0.545050404386526,0.979937486400691,0.909199332088014,"CD44/CCL5/H3C10/CXCL8/TNF/GLMN/ACTR2",7
"hsa04915","hsa04915","Estrogen signaling pathway","4/230","138/8189",0.545908525553011,0.979937486400691,0.909199332088014,"HSPA1B/HSPA6/KRT31/KRT19",4
"hsa04927","hsa04927","Cortisol synthesis and secretion","2/230","65/8189",0.549151774518085,0.979937486400691,0.909199332088014,"AGTR1/CACNA1S",2
"hsa05207","hsa05207","Chemical carcinogenesis - receptor activation","6/230","212/8189",0.551157142262058,0.979937486400691,0.909199332088014,"PRKCB/CYP1A1/CHRNB4/CHRNA3/CACNA1S/FGF9",6
"hsa04744","hsa04744","Phototransduction","1/230","29/8189",0.562903147981328,0.979937486400691,0.909199332088014,"RHO",1
"hsa00010","hsa00010","Glycolysis / Gluconeogenesis","2/230","67/8189",0.565675902520545,0.979937486400691,0.909199332088014,"ADH1B/DLAT",2
"hsa00020","hsa00020","Citrate cycle (TCA cycle)","1/230","30/8189",0.575223279839698,0.979937486400691,0.909199332088014,"DLAT",1
"hsa00030","hsa00030","Pentose phosphate pathway","1/230","30/8189",0.575223279839698,0.979937486400691,0.909199332088014,"TKTL1",1
"hsa05204","hsa05204","Chemical carcinogenesis - DNA adducts","2/230","69/8189",0.58176200036079,0.979937486400691,0.909199332088014,"CYP1A1/CYP2C18",2
"hsa05211","hsa05211","Renal cell carcinoma","2/230","69/8189",0.58176200036079,0.979937486400691,0.909199332088014,"PAK1/MET",2
"hsa00052","hsa00052","Galactose metabolism","1/230","31/8189",0.587197620523222,0.979937486400691,0.909199332088014,"LCT",1
"hsa05230","hsa05230","Central carbon metabolism in cancer","2/230","70/8189",0.589639985446612,0.979937486400691,0.909199332088014,"MET/FLT3",2
"hsa04066","hsa04066","HIF-1 signaling pathway","3/230","109/8189",0.59529041504059,0.979937486400691,0.909199332088014,"PRKCB/ANGPT1/IL6",3
"hsa00982","hsa00982","Drug metabolism - cytochrome P450","2/230","72/8189",0.605065115679386,0.979937486400691,0.909199332088014,"FMO2/ADH1B",2
"hsa05218","hsa05218","Melanoma","2/230","72/8189",0.605065115679386,0.979937486400691,0.909199332088014,"MET/FGF9",2
"hsa05223","hsa05223","Non-small cell lung cancer","2/230","72/8189",0.605065115679386,0.979937486400691,0.909199332088014,"PRKCB/MET",2
"hsa05034","hsa05034","Alcoholism","5/230","187/8189",0.607933958208854,0.979937486400691,0.909199332088014,"H4C5/H2AC8/H2BC8/H3C10/H2BC15",5
"hsa05163","hsa05163","Human cytomegalovirus infection","6/230","225/8189",0.609787082193756,0.979937486400691,0.909199332088014,"PRKCB/CCL5/CXCL8/IFNA13/IL6/TNF",6
"hsa04130","hsa04130","SNARE interactions in vesicular transport","1/230","33/8189",0.610147316146247,0.979937486400691,0.909199332088014,"VAMP1",1
"hsa03320","hsa03320","PPAR signaling pathway","2/230","75/8189",0.627376315320957,0.979937486400691,0.909199332088014,"MMP1/SLC27A2",2
"hsa05214","hsa05214","Glioma","2/230","75/8189",0.627376315320957,0.979937486400691,0.909199332088014,"PRKCB/CAMK1G",2
"hsa04932","hsa04932","Non-alcoholic fatty liver disease","4/230","155/8189",0.63805281066858,0.979937486400691,0.909199332088014,"CXCL8/IL6/TNF/NDUFS6",4
"hsa04934","hsa04934","Cushing syndrome","4/230","155/8189",0.63805281066858,0.979937486400691,0.909199332088014,"AGTR1/WNT2/CRHR1/CACNA1S",4
"hsa05100","hsa05100","Bacterial invasion of epithelial cells","2/230","77/8189",0.641701824186265,0.979937486400691,0.909199332088014,"MET/ACTR2",2
"hsa00980","hsa00980","Metabolism of xenobiotics by cytochrome P450","2/230","78/8189",0.648701041888562,0.979937486400691,0.909199332088014,"ADH1B/CYP1A1",2
"hsa04960","hsa04960","Aldosterone-regulated sodium reabsorption","1/230","37/8189",0.652304829682814,0.979937486400691,0.909199332088014,"PRKCB",1
"hsa05130","hsa05130","Pathogenic Escherichia coli infection","5/230","197/8189",0.653848534882092,0.979937486400691,0.909199332088014,"PAK1/CXCL8/IL6/TNF/ACTR2",5
"hsa04071","hsa04071","Sphingolipid signaling pathway","3/230","119/8189",0.654695198983304,0.979937486400691,0.909199332088014,"PRKCB/SPTLC3/TNF",3
"hsa04217","hsa04217","Necroptosis","4/230","159/8189",0.657892788923319,0.979937486400691,0.909199332088014,"H2AC8/IFNA13/TNF/STAT4",4
"hsa04935","hsa04935","Growth hormone synthesis, secretion and action","3/230","120/8189",0.660280505298391,0.979937486400691,0.909199332088014,"PRKCB/CACNA1S/SST",3
"hsa04152","hsa04152","AMPK signaling pathway","3/230","121/8189",0.665800686799418,0.979937486400691,0.909199332088014,"CFTR/CIDEA/HNF4A",3
"hsa00513","hsa00513","Various types of N-glycan biosynthesis","1/230","39/8189",0.671648922827626,0.979937486400691,0.909199332088014,"MAN2A1",1
"hsa04146","hsa04146","Peroxisome","2/230","82/8189",0.67561954109358,0.979937486400691,0.909199332088014,"CROT/SLC27A2",2
"hsa05203","hsa05203","Viral carcinogenesis","5/230","204/8189",0.683891672915718,0.979937486400691,0.909199332088014,"H4C5/EGR2/EGR3/H2BC8/H2BC15",5
"hsa01232","hsa01232","Nucleotide metabolism","2/230","85/8189",0.694694140844733,0.979937486400691,0.909199332088014,"RRM2/AK8",2
"hsa04012","hsa04012","ErbB signaling pathway","2/230","85/8189",0.694694140844733,0.979937486400691,0.909199332088014,"PAK1/PRKCB",2
"hsa05225","hsa05225","Hepatocellular carcinoma","4/230","168/8189",0.699816919501095,0.979937486400691,0.909199332088014,"PRKCB/MET/IGF2/WNT2",4
"hsa05132","hsa05132","Salmonella infection","6/230","249/8189",0.70602564441075,0.979937486400691,0.909199332088014,"PAK1/FLNC/CXCL8/IL6/TNF/ACTR2",6
"hsa00071","hsa00071","Fatty acid degradation","1/230","43/8189",0.707180867896196,0.979937486400691,0.909199332088014,"ADH1B",1
"hsa04926","hsa04926","Relaxin signaling pathway","3/230","129/8189",0.70762103275833,0.979937486400691,0.909199332088014,"COL4A3/MMP1/RXFP1",3
"hsa04144","hsa04144","Endocytosis","6/230","251/8189",0.713275317043156,0.979937486400691,0.909199332088014,"HSPA1B/IL2RB/HSPA6/EPN3/CXCR1/ACTR2",6
"hsa04962","hsa04962","Vasopressin-regulated water reabsorption","1/230","44/8189",0.715448533055032,0.979937486400691,0.909199332088014,"AVP",1
"hsa05165","hsa05165","Human papillomavirus infection","8/230","331/8189",0.718426026961293,0.979937486400691,0.909199332088014,"COL4A3/COL6A2/IBSP/IFNA13/ATP6V0C/WNT2/TNF/VTN",8
"hsa04976","hsa04976","Bile secretion","2/230","89/8189",0.718681145529709,0.979937486400691,0.909199332088014,"CFTR/ABCC3",2
"hsa04930","hsa04930","Type II diabetes mellitus","1/230","46/8189",0.73129302468217,0.979937486400691,0.909199332088014,"TNF",1
"hsa00190","hsa00190","Oxidative phosphorylation","3/230","134/8189",0.731665152944584,0.979937486400691,0.909199332088014,"ATP6V0C/ATP12A/NDUFS6",3
"hsa04970","hsa04970","Salivary secretion","2/230","92/8189",0.735618669148111,0.979937486400691,0.909199332088014,"PRKCB/TRPV6",2
"hsa04371","hsa04371","Apelin signaling pathway","3/230","139/8189",0.754135192457154,0.979937486400691,0.909199332088014,"APLNR/AGTR1/SLC8A3",3
"hsa05418","hsa05418","Fluid shear stress and atherosclerosis","3/230","139/8189",0.754135192457154,0.979937486400691,0.909199332088014,"BMP4/IL1R2/TNF",3
"hsa04360","hsa04360","Axon guidance","4/230","182/8189",0.75750035406636,0.979937486400691,0.909199332088014,"EPHA4/PAK1/EPHA5/MET",4
"hsa00510","hsa00510","N-Glycan biosynthesis","1/230","50/8189",0.760394622803374,0.979937486400691,0.909199332088014,"MAN2A1",1
"hsa00565","hsa00565","Ether lipid metabolism","1/230","50/8189",0.760394622803374,0.979937486400691,0.909199332088014,"PEDS1-UBE2V1",1
"hsa04713","hsa04713","Circadian entrainment","2/230","97/8189",0.76192290989491,0.979937486400691,0.909199332088014,"PRKCB/ADCYAP1",2
"hsa05215","hsa05215","Prostate cancer","2/230","97/8189",0.76192290989491,0.979937486400691,0.909199332088014,"MMP3/IL1R2",2
"hsa04979","hsa04979","Cholesterol metabolism","1/230","51/8189",0.767165631128134,0.979937486400691,0.909199332088014,"LIPC",1
"hsa00564","hsa00564","Glycerophospholipid metabolism","2/230","99/8189",0.771795855173071,0.979937486400691,0.909199332088014,"MBOAT1/DGKK",2
"hsa00600","hsa00600","Sphingolipid metabolism","1/230","53/8189",0.78014138631754,0.979937486400691,0.909199332088014,"SPTLC3",1
"hsa03460","hsa03460","Fanconi anemia pathway","1/230","54/8189",0.786356661778082,0.979937486400691,0.909199332088014,"FANCB",1
"hsa03040","hsa03040","Spliceosome","3/230","147/8189",0.786926403776192,0.979937486400691,0.909199332088014,"HSPA1B/HSPA6/RNVU1-7",3
"hsa05226","hsa05226","Gastric cancer","3/230","149/8189",0.794537999801009,0.979937486400691,0.909199332088014,"MET/WNT2/FGF9",3
"hsa04261","hsa04261","Adrenergic signaling in cardiomyocytes","3/230","150/8189",0.798258491001881,0.979937486400691,0.909199332088014,"AGTR1/CACNA1S/SLC8A3",3
"hsa04340","hsa04340","Hedgehog signaling pathway","1/230","56/8189",0.798267237468707,0.979937486400691,0.909199332088014,"TPTEP2-CSNK1E",1
"hsa04928","hsa04928","Parathyroid hormone synthesis, secretion and action","2/230","106/8189",0.803596773311466,0.979937486400691,0.909199332088014,"PRKCB/BGLAP",2
"hsa00480","hsa00480","Glutathione metabolism","1/230","57/8189",0.803972209235853,0.979937486400691,0.909199332088014,"RRM2",1
"hsa01240","hsa01240","Biosynthesis of cofactors","3/230","153/8189",0.809084825621923,0.979937486400691,0.909199332088014,"SDR16C5/TDO2/AK8",3
"hsa00240","hsa00240","Pyrimidine metabolism","1/230","58/8189",0.809516526977584,0.979937486400691,0.909199332088014,"RRM2",1
"hsa04921","hsa04921","Oxytocin signaling pathway","3/230","154/8189",0.812583622407917,0.979937486400691,0.909199332088014,"PRKCB/CACNA1S/CAMK1G",3
"hsa04150","hsa04150","mTOR signaling pathway","3/230","156/8189",0.819419423519692,0.979937486400691,0.909199332088014,"PRKCB/WNT2/TNF",3
"hsa04218","hsa04218","Cellular senescence","3/230","156/8189",0.819419423519692,0.979937486400691,0.909199332088014,"CXCL8/MYBL2/IL6",3
"hsa04390","hsa04390","Hippo signaling pathway","3/230","157/8189",0.822757505913699,0.979937486400691,0.909199332088014,"BMP4/WNT2/TPTEP2-CSNK1E",3
"hsa04670","hsa04670","Leukocyte transendothelial migration","2/230","114/8189",0.835085739406934,0.979937486400691,0.909199332088014,"PRKCB/THY1",2
"hsa01200","hsa01200","Carbon metabolism","2/230","115/8189",0.838685409571951,0.979937486400691,0.909199332088014,"TKTL1/DLAT",2
"hsa04015","hsa04015","Rap1 signaling pathway","4/230","210/8189",0.846814428952039,0.979937486400691,0.909199332088014,"PRKCB/MET/ANGPT1/FGF9",4
"hsa04720","hsa04720","Long-term potentiation","1/230","67/8189",0.852889323202792,0.979937486400691,0.909199332088014,"PRKCB",1
"hsa04022","hsa04022","cGMP-PKG signaling pathway","3/230","167/8189",0.853343196803959,0.979937486400691,0.909199332088014,"AGTR1/CACNA1S/SLC8A3",3
"hsa04664","hsa04664","Fc epsilon RI signaling pathway","1/230","68/8189",0.857055225155927,0.979937486400691,0.909199332088014,"TNF",1
"hsa04919","hsa04919","Thyroid hormone signaling pathway","2/230","121/8189",0.858832270209964,0.979937486400691,0.909199332088014,"PRKCB/BMP4",2
"hsa04530","hsa04530","Tight junction","3/230","169/8189",0.858879651673331,0.979937486400691,0.909199332088014,"TJP2/CFTR/ACTR2",3
"hsa04920","hsa04920","Adipocytokine signaling pathway","1/230","69/8189",0.861103654932326,0.979937486400691,0.909199332088014,"TNF",1
"hsa05031","hsa05031","Amphetamine addiction","1/230","69/8189",0.861103654932326,0.979937486400691,0.909199332088014,"PRKCB",1
"hsa04141","hsa04141","Protein processing in endoplasmic reticulum","3/230","171/8189",0.864233096138747,0.979937486400691,0.909199332088014,"HSPA1B/HSPA6/DNAJC5G",3
"hsa04810","hsa04810","Regulation of actin cytoskeleton","4/230","218/8189",0.866609703833134,0.979937486400691,0.909199332088014,"PAK1/IQGAP3/FGF9/ACTR2",4
"hsa05022","hsa05022","Pathways of neurodegeneration - multiple diseases","10/230","476/8189",0.868398520774134,0.979937486400691,0.909199332088014,"NEFL/PRKCB/NEFM/NEFH/WNT2/TPTEP2-CSNK1E/IL6/TNF/CACNA1S/NDUFS6",10
"hsa04520","hsa04520","Adherens junction","1/230","71/8189",0.86886119965172,0.979937486400691,0.909199332088014,"MET",1
"hsa04110","hsa04110","Cell cycle","2/230","126/8189",0.873841752267252,0.979937486400691,0.909199332088014,"BUB1B/PTTG1",2
"hsa01524","hsa01524","Platinum drug resistance","1/230","73/8189",0.876187253862371,0.979937486400691,0.909199332088014,"TOP2A",1
"hsa04115","hsa04115","p53 signaling pathway","1/230","73/8189",0.876187253862371,0.979937486400691,0.909199332088014,"RRM2",1
"hsa00230","hsa00230","Purine metabolism","2/230","128/8189",0.879424914694083,0.979937486400691,0.909199332088014,"RRM2/AK8",2
"hsa01230","hsa01230","Biosynthesis of amino acids","1/230","75/8189",0.883105718969793,0.979937486400691,0.909199332088014,"TKTL1",1
"hsa04918","hsa04918","Thyroid hormone synthesis","1/230","75/8189",0.883105718969793,0.979937486400691,0.909199332088014,"PRKCB",1
"hsa04068","hsa04068","FoxO signaling pathway","2/230","131/8189",0.887374640757556,0.980374603107693,0.909604894915813,"TPTEP2-CSNK1E/IL6",2
"hsa04210","hsa04210","Apoptosis","2/230","136/8189",0.899556464702087,0.989512111172295,0.918082799215402,"PRF1/TNF",2
"hsa04662","hsa04662","B cell receptor signaling pathway","1/230","82/8189",0.90442556454242,0.990561332594079,0.919056281125357,"PRKCB",1
"hsa04120","hsa04120","Ubiquitin mediated proteolysis","2/230","142/8189",0.912557408477518,0.992545470540398,0.920897191306465,"UBE2U/HERC3",2
"hsa05167","hsa05167","Kaposi sarcoma-associated herpesvirus infection","3/230","194/8189",0.91408337800756,0.992545470540398,0.920897191306465,"CXCL8/IFNA13/IL6",3
"hsa05224","hsa05224","Breast cancer","2/230","147/8189",0.922173076596271,0.993477781574656,0.921762202168289,"WNT2/FGF9",2
"hsa05222","hsa05222","Small cell lung cancer","1/230","92/8189",0.928339799120068,0.993477781574656,0.921762202168289,"COL4A3",1
"hsa05415","hsa05415","Diabetic cardiomyopathy","3/230","203/8189",0.92858941399235,0.993477781574656,0.921762202168289,"PRKCB/AGTR1/NDUFS6",3
"hsa03015","hsa03015","mRNA surveillance pathway","1/230","97/8189",0.937957771534275,0.993477781574656,0.921762202168289,"NXF2",1
"hsa04514","hsa04514","Cell adhesion molecules","2/230","157/8189",0.938502726467758,0.993477781574656,0.921762202168289,"CD2/HLA-DOB",2
"hsa05160","hsa05160","Hepatitis C","2/230","157/8189",0.938502726467758,0.993477781574656,0.921762202168289,"IFNA13/TNF",2
"hsa05014","hsa05014","Amyotrophic lateral sclerosis","6/230","364/8189",0.947228465303306,0.995461975381103,0.923603164177184,"NEFL/NEFM/NEFH/NXF2/TNF/NDUFS6",6
"hsa05208","hsa05208","Chemical carcinogenesis - reactive oxygen species","3/230","223/8189",0.953145949763142,0.995461975381103,0.923603164177184,"MET/CYP1A1/NDUFS6",3
"hsa03013","hsa03013","Nucleocytoplasmic transport","1/230","108/8189",0.954830032579265,0.995461975381103,0.923603164177184,"NXF2",1
"hsa03008","hsa03008","Ribosome biogenesis in eukaryotes","1/230","109/8189",0.95611565224351,0.995461975381103,0.923603164177184,"NXF2",1
"hsa05010","hsa05010","Alzheimer disease","6/230","384/8189",0.962719559403886,0.997140506116131,0.92516052782982,"WNT2/TPTEP2-CSNK1E/IL6/TNF/CACNA1S/NDUFS6",6
"hsa04114","hsa04114","Oocyte meiosis","1/230","131/8189",0.976771149463656,0.997140506116131,0.92516052782982,"PTTG1",1
"hsa05206","hsa05206","MicroRNAs in cancer","4/230","310/8189",0.977247739271359,0.997140506116131,0.92516052782982,"PRKCB/MET/SLC45A3/CD44",4
"hsa04142","hsa04142","Lysosome","1/230","132/8189",0.977434172003164,0.997140506116131,0.92516052782982,"ATP6V0C",1
"hsa04728","hsa04728","Dopaminergic synapse","1/230","132/8189",0.977434172003164,0.997140506116131,0.92516052782982,"PRKCB",1
"hsa05017","hsa05017","Spinocerebellar ataxia","1/230","143/8189",0.983593885020241,0.999394590000486,0.927251897524895,"PRKCB",1
"hsa04740","hsa04740","Olfactory transduction","5/230","439/8189",0.995316701730337,0.999861744991812,0.927685330281564,"NCALD/CNGA3/OR2A42/OR2W3/SLC8A3",5
"hsa04714","hsa04714","Thermogenesis","1/230","232/8189",0.998776112269744,0.999861744991812,0.927685330281564,"NDUFS6",1
"hsa05012","hsa05012","Parkinson disease","1/230","266/8189",0.999549473432211,0.999861744991812,0.927685330281564,"NDUFS6",1
"hsa05016","hsa05016","Huntington disease","1/230","306/8189",0.999861744991812,0.999861744991812,0.927685330281564,"NDUFS6",1
